,Ref Des,Mid X (mm),Mid Y(mm),Rotation,Comment,Package
0,BOOT_BUTTON,48.95,76.85,180.0,BUTTON_CUSYOMV1,MYBUTTON
1,C1,122.08,32.44,0.0,100nF,EAGLE-LTSPICE_C0402
2,C10,68.31,76.9,270.0,100nF,EAGLE-LTSPICE_C0402
3,C10_SUPERCAP,88.82,23.64,0.0,CPH3225A,CAPCP3225X100N
4,C1_BAT,114.83,-20.63,0.0,4.7uF,EAGLE-LTSPICE_C0402
5,C1_BAT1,125.07,1.33,180.0,4.7uF,ESP32_WROVER_EAGLE-LTSPICE_C0402
6,C1_BAT2,124.21,8.47,270.0,4.7uF,EAGLE-LTSPICE_C0402
7,C2,122.08,29.5,0.0,100nF,EAGLE-LTSPICE_C0402
8,C2_BAT,122.27,-17.53,180.0,4.7uF,EAGLE-LTSPICE_C0402
9,C3,119.82,7.12,270.0,100uF,RCL_CT3528
10,C4,89.43,8.79,270.0,4.7uF/25V,EAGLE-LTSPICE_C0402
11,C4_USB,142.15,-25.36,270.0,100nF,EAGLE-LTSPICE_C0402
12,C5,27.47,76.71,270.0,1uF,EAGLE-LTSPICE_C0402
13,C5_USB,161.15,-25.23,90.0,4.7uF,EAGLE-LTSPICE_C0402
14,C6,53.33,76.8,270.0,100nF,EAGLE-LTSPICE_C0402
15,C7,93.18,14.49,90.0,10uF,EAGLE-LTSPICE_C0402
16,C8,89.1,19.86,180.0,100nF,EAGLE-LTSPICE_C0402
17,C9,5.03,68.52,270.0,100nF,EAGLE-LTSPICE_C0402
18,CHANGE_BUTTON,63.91,76.83,180.0,BUTTON_CUSYOMV1,MYBUTTON
19,CHG_LED,107.37,-11.79,90.0,,ADAFRUIT_CHIP-LED0603
20,C_DELAY,53.23,68.22,90.0,100nF,EAGLE-LTSPICE_C0402
21,D1,151.03,-21.25,270.0,USBLC6-2SC6Y,SOT95P280X145-6N
22,D10,100.91,-1.1,0.0,PGB1010603MR,DIOC1608X36N
23,D11,100.91,-3.64,0.0,PGB1010603MR,DIOC1608X36N
24,D12,100.91,-6.18,0.0,PGB1010603MR,DIOC1608X36N
25,D2,135.7,-16.13,270.0,ESP32_WROVER_AVX---SD0805S020S1R0_AVX_SD0805S020S1R0_0_0AVX_SD0805S020S1R0_0_0,ESP32_WROVER_AVX---SD0805S020S1R0_AVX_SD0805S020S1R0_0
26,D3,81.31,12.1,0.0,MBR0530,SOD3716X135N
27,D4,81.41,6.59,180.0,MBR0530,SOD3716X135N
28,D5,81.41,1.51,0.0,MBR0530,SOD3716X135N
29,D6,100.91,6.52,0.0,PGB1010603MR,DIOC1608X36N
30,D7,78.55,32.32,270.0,ESP32_WROVER_AVX---SD0805S020S1R0_AVX_SD0805S020S1R0_0_0AVX_SD0805S020S1R0_0_0,ESP32_WROVER_AVX---SD0805S020S1R0_AVX_SD0805S020S1R0_0
31,D8,100.91,3.98,0.0,PGB1010603MR,DIOC1608X36N
32,D9,100.91,1.44,0.0,PGB1010603MR,DIOC1608X36N
33,EPD_C1,88.78,-9.03,270.0,1uF/50V,EAGLE-LTSPICE_C0402
34,EPD_C10,78.99,-9.07,90.0,1uF/50V,EAGLE-LTSPICE_C0402
35,EPD_C11,82.62,-17.91,270.0,1uF/50V,EAGLE-LTSPICE_C0402
36,EPD_C12,86.23,-17.91,270.0,1uF/50V,EAGLE-LTSPICE_C0402
37,EPD_C2,85.73,-9.03,270.0,1uF/50V,EAGLE-LTSPICE_C0402
38,EPD_C5,78.9,-18.11,270.0,1uF/50V,EAGLE-LTSPICE_C0402
39,EPD_C6,89.98,-18.07,90.0,1uF/50V,EAGLE-LTSPICE_C0402
40,EPD_C7,75.81,-18.05,270.0,1uF/50V,EAGLE-LTSPICE_C0402
41,EPD_C8,82.13,-9.03,270.0,1uF/50V,EAGLE-LTSPICE_C0402
42,EPD_C9,75.84,-9.07,90.0,1uF/50V,EAGLE-LTSPICE_C0402
43,IC1,49.52,68.57,180.0,BD5229G-TR,SOT95P280X125-5N
44,IC4,127.91,8.19,0.0,XC6220A331MR-G,SOT95P280X120-5N
45,J1,83.4,-13.62,0.0,FH34SRJ-24S-0.5SH_99_,FH34SRJ24S05SH99
46,J2,165.04,23.09,90.0,SAMACSYS_PARTS_USB4110-GF-A,SAMACSYS_PARTS_USB4110GFA
47,J3,167.08,-12.01,90.0,QWIIC_RIGHT_ANGLE,JST04_1MM_RA
48,J4,8.35,56.58,270.0,112A-TAAR-R03_ATTEND,112ATAARR03ATTEND
49,L1,73.21,10.95,0.0,68uH,IND_4828-WE-TPC_WRE
50,MCP73831,110.72,-16.5,0.0,ESP32_WROVER_SPARKFUN-IC-POWER_MCP73831,ESP32_WROVER_SPARKFUN-IC-POWER_SOT23-5
51,PFMF.050.1,155.05,-24.59,270.0,ESP32C6_VARISTORCN1812,ESP32C6_VARISTOR_CT/CN1812
52,Q1,130.64,-17.52,90.0,20V/4.2A/52mΩ/1.4W,ESP32_WROVER_SPARKFUN-DISCRETESEMI_SOT23-3
53,Q2,59.89,22.1,0.0,20V/4.2A/52mΩ/1.4W,ESP32_WROVER_SPARKFUN-DISCRETESEMI_SOT23-3
54,Q3,66.54,4.79,90.0,SI1308EDL-T1-GE3,SOT65P210X110-3N
55,R1,43.33,25.86,270.0,10K,ESP32_WROVER_EAGLE-LTSPICE_R0402
56,R1-PINH,132.26,31.96,180.0,10K,ESP32_WROVER_EAGLE-LTSPICE_R0402
57,R10,108.17,6.52,0.0,10K,ESP32_WROVER_EAGLE-LTSPICE_R0402
58,R1_BAT,106.0,-16.55,270.0,200,ESP32_WROVER_EAGLE-LTSPICE_R0402
59,R1_PINH1,71.4,15.58,180.0,10K,ESP32_WROVER_EAGLE-LTSPICE_R0402
60,R1_PWRUSB,136.87,-10.5,180.0,100K,ESP32_WROVER_EAGLE-LTSPICE_R0402
61,R2,58.2,-18.94,90.0,2.2,ESP32_WROVER_EAGLE-LTSPICE_R0402
62,R2-PINH,132.26,30.0,180.0,10K,ESP32_WROVER_EAGLE-LTSPICE_R0402
63,R2-USB,142.87,-18.8,270.0,5k1,ESP32_WROVER_EAGLE-LTSPICE_R0402
64,R2-USB1,146.37,-18.79,270.0,5K1,ESP32_WROVER_EAGLE-LTSPICE_R0402
65,R2_BAT,114.93,-15.39,90.0,2K,ESP32_WROVER_EAGLE-LTSPICE_R0402
66,R2_PINH1,77.16,15.2,270.0,10K,ESP32_WROVER_EAGLE-LTSPICE_R0402
67,R3,67.47,-2.03,0.0,0.47,ESP32_WROVER_EAGLE-LTSPICE_R0402
68,R4,64.05,-2.08,0.0,10K,ESP32_WROVER_EAGLE-LTSPICE_R0402
69,R5,108.17,3.98,0.0,10K,ESP32_WROVER_EAGLE-LTSPICE_R0402
70,R6,108.17,1.44,0.0,10K,ESP32_WROVER_EAGLE-LTSPICE_R0402
71,R7,108.17,-1.1,0.0,10K,ESP32_WROVER_EAGLE-LTSPICE_R0402
72,R8,108.17,-3.64,0.0,10K,ESP32_WROVER_EAGLE-LTSPICE_R0402
73,R9,108.17,-6.18,0.0,10K,ESP32_WROVER_EAGLE-LTSPICE_R0402
74,RESET_BUTTON,23.93,76.83,180.0,BUTTON_CUSYOMV1,MYBUTTON
75,R_BOOT,45.48,76.9,270.0,10K,ESP32_WROVER_EAGLE-LTSPICE_R0402
76,R_CAPACITOR,72.0,32.8,270.0,15,ESP32_WROVER_EAGLE-LTSPICE_R0402
77,R_CHANGE,59.68,76.82,270.0,10K,ESP32_WROVER_EAGLE-LTSPICE_R0402
78,R_CL1,59.05,27.49,0.0,10K,ESP32_WROVER_EAGLE-LTSPICE_R0402
79,R_RESET,20.05,76.79,270.0,10K,ESP32_WROVER_EAGLE-LTSPICE_R0402
80,SENSOR2,127.16,31.16,0.0,BME688,ESP32_WROVER_BME680_PSON80P300X300X100-8N
81,SJ1,54.87,-19.5,0.0,,SJ
82,TP1,10.26,36.13,0.0,TPTP20R,TP20R
83,TP10,15.17,5.53,0.0,TPTP20R,TP20R
84,TP11,10.03,5.65,0.0,TPTP20R,TP20R
85,TP12,84.19,71.45,0.0,TPTP20R,TP20R
86,TP13,79.48,71.44,0.0,TPTP20R,TP20R
87,TP14,98.46,32.64,0.0,TPTP20R,TP20R
88,TP15,32.45,35.47,2.4,TPTP20R,TP20R
89,TP16,135.77,-24.92,270.0,TPTP20R,TP20R
90,TP17,44.69,-2.73,0.0,TPTP20R,TP20R
91,TP2,13.28,36.11,0.0,TPTP20R,TP20R
92,TP3,101.7,-23.84,0.0,TPTP20R,TP20R
93,TP4,97.91,-23.94,0.0,TPTP20R,TP20R
94,TP5,12.82,73.96,0.0,TPTP20R,TP20R
95,TP6,5.03,75.96,0.0,TPTP20R,TP20R
96,TP7,38.04,-2.74,0.0,TPTP20R,TP20R
97,TP8,29.88,-2.95,0.0,TPTP20R,TP20R
98,TP9,15.51,40.25,0.0,TPTP20R,TP20R
99,U1,15.47,23.4,90.0,ESP32-C6-WROOM-1-N8,XCVR_ESP32-C6-WROOM-1-N8
100,U2,36.25,24.4,180.0,W25Q512JVEIQ,SON127P600X800X80-9N
101,U3,73.95,23.32,90.0,DS3231SN#,SOIC127P1032X265-16N
102,U4,111.52,-24.63,0.0,MAX17048G+T10,SON50P200X200X80-9N
